Date,Children in HHS Care,net_pressure,Children transferred out of CBP custody,Children discharged from HHS Care
2023-01-26,7521.5,-177.25,33.5,210.75
2023-01-27,7505.0,-215.5,26.0,241.5
2023-01-28,7488.5,-253.75,18.5,272.25
2023-01-29,7472.0,-292.0,11.0,303.0
2023-01-30,7743.0,-167.0,29.0,196.0
2023-01-31,7803.0,-122.0,36.0,158.0
2023-02-01,7903.0,-204.0,27.0,231.0
2023-02-02,7879.0,-275.0,23.0,298.0
2023-02-03,7781.333333333333,-292.33333333333337,20.333333333333332,312.6666666666667
2023-02-04,7683.666666666667,-309.66666666666663,17.666666666666668,327.3333333333333
2023-02-05,7586.0,-327.0,15.0,342.0
2023-02-06,7720.0,-184.0,12.0,196.0
2023-02-07,7855.0,-180.0,20.0,200.0
2023-02-08,7915.0,-148.0,169.0,317.0
2023-02-09,7908.0,-192.0,161.0,353.0
2023-02-10,7750.0,-176.0,165.0,341.0
2023-02-11,7592.0,-160.0,169.0,329.0
2023-02-12,7434.0,-144.0,173.0,317.0
2023-02-13,7483.0,-72.0,172.0,244.0
2023-02-14,7794.0,-3.0,220.0,223.0
2023-02-15,7869.0,-118.0,172.0,290.0
2023-02-16,7793.0,-208.0,153.0,361.0
2023-02-17,7799.0,-162.25,160.75,323.0
2023-02-18,7805.0,-116.5,168.5,285.0
2023-02-19,7811.0,-70.75,176.25,247.0
2023-02-20,7817.0,-25.0,184.0,209.0
2023-02-21,7967.0,4.0,217.0,213.0
2023-02-22,7978.0,-2.0,230.0,232.0
2023-02-23,7914.0,-208.0,178.0,386.0
2023-02-24,7812.333333333333,-187.66666666666666,177.33333333333334,365.0
2023-02-25,7710.666666666667,-167.33333333333334,176.66666666666666,344.0
2023-02-26,7609.0,-147.0,176.0,323.0
2023-02-27,7800.0,-82.0,166.0,248.0
2023-02-28,7896.0,-31.0,169.0,200.0
2023-03-01,7930.0,-114.0,193.0,307.0
2023-03-02,7870.0,-143.0,192.0,335.0
2023-03-03,7867.8,-134.20000000000002,185.6,319.8
2023-03-04,7865.6,-125.40000000000003,179.2,304.6
2023-03-05,7863.4,-116.59999999999997,172.8,289.4
2023-03-06,7861.2,-107.79999999999998,166.4,274.2
2023-03-07,7859.0,-99.0,160.0,259.0
2023-03-08,7885.0,-132.0,159.0,291.0
2023-03-09,7786.0,-190.0,150.0,340.0
2023-03-10,7731.25,-153.25,164.0,317.25
2023-03-11,7676.5,-116.5,178.0,294.5
2023-03-12,7621.75,-79.75,192.0,271.75
2023-03-13,7567.0,-43.0,206.0,249.0
2023-03-14,7810.0,33.0,214.0,181.0
2023-03-15,7915.0,-73.0,213.0,286.0
2023-03-16,7989.0,-162.0,146.0,308.0
2023-03-17,7954.333333333333,-147.99999999999997,159.33333333333334,307.3333333333333
2023-03-18,7919.666666666667,-134.00000000000003,172.66666666666666,306.6666666666667
2023-03-19,7885.0,-120.0,186.0,306.0
2023-03-20,7931.0,-121.0,158.0,279.0
2023-03-21,8050.0,-28.0,193.0,221.0
2023-03-22,8097.0,-17.0,229.0,246.0
2023-03-23,8102.0,-153.0,178.0,331.0
2023-03-24,8017.0,-161.66666666666666,176.33333333333334,338.0
2023-03-25,7932.0,-170.33333333333334,174.66666666666666,345.0
2023-03-26,7847.0,-179.0,173.0,352.0
2023-03-27,7994.0,-78.0,157.0,235.0
2023-03-28,8079.0,-66.0,157.0,223.0
2023-03-29,8208.0,-108.0,159.0,267.0
2023-03-30,8158.0,-183.0,176.0,359.0
2023-03-31,8099.0,-159.33333333333334,181.33333333333334,340.6666666666667
2023-04-01,8040.0,-135.66666666666666,186.66666666666666,322.3333333333333
2023-04-02,7981.0,-112.0,192.0,304.0
2023-04-03,8054.0,-116.0,168.0,284.0
2023-04-04,8068.0,-120.0,139.0,259.0
2023-04-05,8175.0,-85.0,175.0,260.0
2023-04-06,8178.0,-74.0,210.0,284.0
2023-04-07,8085.333333333333,-109.33333333333334,189.66666666666666,299.0
2023-04-08,7992.666666666667,-144.66666666666666,169.33333333333334,314.0
2023-04-09,7900.0,-180.0,149.0,329.0
2023-04-10,7826.0,-102.0,163.0,265.0
2023-04-11,7922.0,-35.0,152.0,187.0
2023-04-12,7876.0,-102.0,181.0,283.0
2023-04-13,7795.0,-197.0,173.0,370.0
2023-04-14,7656.666666666667,-157.99999999999997,179.33333333333334,337.3333333333333
2023-04-15,7518.333333333333,-119.00000000000003,185.66666666666666,304.6666666666667
2023-04-16,7380.0,-80.0,192.0,272.0
2023-04-17,7344.0,-52.0,196.0,248.0
2023-04-18,7376.0,-20.0,214.0,234.0
2023-04-19,7356.0,-5.0,224.0,229.0
2023-04-20,7490.0,-83.0,237.0,320.0
2023-04-21,7504.666666666667,-81.66666666666666,220.33333333333334,302.0
2023-04-22,7519.333333333333,-80.33333333333331,203.66666666666669,284.0
2023-04-23,7534.0,-79.0,187.0,266.0
2023-04-24,7796.0,9.0,222.0,213.0
2023-04-25,8017.0,40.0,242.0,202.0
2023-04-26,8117.0,-96.0,160.0,256.0
2023-04-27,8159.0,-102.0,208.0,310.0
2023-04-28,8223.333333333334,-104.66666666666666,199.66666666666666,304.3333333333333
2023-04-29,8287.666666666666,-107.33333333333334,191.33333333333334,298.6666666666667
2023-04-30,8352.0,-110.0,183.0,293.0
2023-05-01,8492.0,-85.0,152.0,237.0
2023-05-02,8654.0,-32.0,213.0,245.0
2023-05-03,8704.0,-35.0,232.0,267.0
2023-05-04,8790.0,-46.0,286.0,332.0
2023-05-05,8688.333333333334,-82.66666666666663,263.6666666666667,346.3333333333333
2023-05-06,8586.666666666666,-119.33333333333334,241.33333333333334,360.6666666666667
2023-05-07,8485.0,-156.0,219.0,375.0
2023-05-08,8590.0,-72.0,189.0,261.0
2023-05-09,8606.0,-3.0,247.0,250.0
2023-05-10,8681.0,-94.0,210.0,304.0
2023-05-11,8672.0,-188.0,204.0,392.0
2023-05-12,8596.333333333334,-142.66666666666666,214.66666666666666,357.3333333333333
2023-05-13,8520.666666666666,-97.33333333333334,225.33333333333334,322.6666666666667
2023-05-14,8445.0,-52.0,236.0,288.0
2023-05-15,8571.0,-100.0,177.0,277.0
2023-05-16,8572.0,-61.0,211.0,272.0
2023-05-17,8569.0,-114.0,193.0,307.0
2023-05-18,8474.0,-199.0,152.0,351.0
2023-05-19,8258.0,-202.66666666666666,145.66666666666666,348.3333333333333
2023-05-20,8042.0,-206.33333333333334,139.33333333333334,345.6666666666667
2023-05-21,7826.0,-210.0,133.0,343.0
2023-05-22,7848.0,-101.0,139.0,240.0
2023-05-23,7788.0,-152.0,94.0,246.0
2023-05-24,7709.0,-223.0,53.0,276.0
2023-05-25,7546.0,-344.0,64.0,408.0
2023-05-26,7408.5,-292.0,65.75,357.75
2023-05-27,7271.0,-240.0,67.5,307.5
2023-05-28,7133.5,-188.0,69.25,257.25
2023-05-29,6996.0,-136.0,71.0,207.0
2023-05-30,7046.0,-103.0,65.0,168.0
2023-05-31,7053.0,-128.0,82.0,210.0
2023-06-01,7002.0,-219.0,68.0,287.0
2023-06-02,6853.0,-216.66666666666669,72.0,288.6666666666667
2023-06-03,6704.0,-214.33333333333331,76.0,290.3333333333333
2023-06-04,6555.0,-212.0,80.0,292.0
2023-06-05,6523.0,-87.0,102.0,189.0
2023-06-06,6508.0,-94.0,93.0,187.0
2023-06-07,6483.0,-101.0,107.0,208.0
2023-06-08,6446.0,-124.0,131.0,255.0
2023-06-09,6299.666666666667,-106.0,143.33333333333334,249.33333333333334
2023-06-10,6153.333333333333,-88.0,155.66666666666666,243.66666666666666
2023-06-11,6007.0,-70.0,168.0,238.0
2023-06-12,6021.0,-41.0,136.0,177.0
2023-06-13,6061.0,-29.0,117.0,146.0
2023-06-14,6065.0,-115.0,52.0,167.0
2023-06-15,6038.0,-175.0,97.0,272.0
2023-06-16,5948.25,-164.0,75.5,239.5
2023-06-17,5858.5,-153.0,54.0,207.0
2023-06-18,5768.75,-142.0,32.5,174.5
2023-06-19,5679.0,-131.0,11.0,142.0
2023-06-20,5904.0,-100.0,34.0,134.0
2023-06-21,5922.0,20.0,169.0,149.0
2023-06-22,5956.0,-46.0,161.0,207.0
2023-06-23,5892.666666666667,-60.66666666666666,165.0,225.66666666666666
2023-06-24,5829.333333333333,-75.33333333333334,169.0,244.33333333333334
2023-06-25,5766.0,-90.0,173.0,263.0
2023-06-26,5819.0,-2.0,172.0,174.0
2023-06-27,5917.0,65.0,220.0,155.0
2023-06-28,5999.0,-2.0,172.0,174.0
2023-06-29,6058.0,-60.0,153.0,213.0
2023-06-30,6006.333333333333,-81.66666666666666,163.33333333333334,245.0
2023-07-01,5954.666666666667,-103.33333333333334,173.66666666666666,277.0
2023-07-02,5903.0,-125.0,184.0,309.0
2023-07-03,6015.0,-16.0,200.5,216.5
2023-07-04,6127.0,93.0,217.0,124.0
2023-07-05,6193.0,63.0,230.0,167.0
2023-07-06,6239.0,-27.0,178.0,205.0
2023-07-07,6230.666666666667,-24.666666666666657,177.33333333333334,202.0
2023-07-08,6222.333333333333,-22.333333333333343,176.66666666666666,199.0
2023-07-09,6214.0,-20.0,176.0,196.0
2023-07-10,6346.0,3.0,166.0,163.0
2023-07-11,6498.0,26.0,169.0,143.0
2023-07-12,6521.0,-17.0,193.0,210.0
2023-07-13,6604.0,-34.0,192.0,226.0
2023-07-14,6558.666666666667,-42.0,181.33333333333334,223.33333333333334
2023-07-15,6513.333333333333,-50.0,170.66666666666666,220.66666666666666
2023-07-16,6468.0,-58.0,160.0,218.0
2023-07-17,6632.0,-1.0,159.0,160.0
2023-07-18,6874.0,-31.0,150.0,181.0
2023-07-19,7001.0,-20.0,206.0,226.0
2023-07-20,7116.0,-67.0,214.0,281.0
2023-07-21,7094.666666666667,-65.66666666666666,213.66666666666666,279.3333333333333
2023-07-22,7073.333333333333,-64.33333333333334,213.33333333333334,277.6666666666667
2023-07-23,7052.0,-63.0,213.0,276.0
2023-07-24,7220.0,-41.0,146.0,187.0
2023-07-25,7510.0,50.0,186.0,136.0
2023-07-26,7647.0,-57.0,158.0,215.0
2023-07-27,7754.0,-66.0,193.0,259.0
2023-07-28,7726.333333333333,-69.33333333333331,205.0,274.3333333333333
2023-07-29,7698.666666666667,-72.66666666666669,217.0,289.6666666666667
2023-07-30,7671.0,-76.0,229.0,305.0
2023-07-31,7800.0,-42.0,178.0,220.0
2023-08-01,8103.0,5.0,173.0,168.0
2023-08-02,8261.0,-114.0,157.0,271.0
2023-08-03,8294.0,-182.0,157.0,339.0
2023-08-04,8295.333333333334,-175.66666666666666,157.66666666666666,333.3333333333333
2023-08-05,8296.666666666666,-169.33333333333334,158.33333333333334,327.6666666666667
2023-08-06,8298.0,-163.0,159.0,322.0
2023-08-07,8493.0,-26.0,176.0,202.0
2023-08-08,8725.0,-15.0,192.0,207.0
2023-08-09,8888.0,-83.0,168.0,251.0
2023-08-10,8914.0,-214.0,139.0,353.0
2023-08-11,9034.0,-197.16666666666669,145.0,342.1666666666667
2023-08-12,9154.0,-180.33333333333331,151.0,331.3333333333333
2023-08-13,9274.0,-163.5,157.0,320.5
2023-08-14,9394.0,-146.66666666666669,163.0,309.6666666666667
2023-08-15,9514.0,-129.83333333333331,169.0,298.8333333333333
2023-08-16,9634.0,-113.0,175.0,288.0
2023-08-17,9694.0,-197.0,210.0,407.0
2023-08-18,9623.666666666666,-211.66666666666666,189.66666666666666,401.3333333333333
2023-08-19,9553.333333333334,-226.33333333333334,169.33333333333334,395.6666666666667
2023-08-20,9483.0,-241.0,149.0,390.0
2023-08-21,9668.0,-118.0,163.0,281.0
2023-08-22,9921.0,-78.0,152.0,230.0
2023-08-23,10071.0,-104.0,181.0,285.0
2023-08-24,10026.0,-270.0,173.0,443.0
2023-08-25,9975.0,-278.66666666666663,179.33333333333334,458.0
2023-08-26,9924.0,-287.33333333333337,185.66666666666666,473.0
2023-08-27,9873.0,-296.0,192.0,488.0
2023-08-28,10012.0,-192.0,196.0,388.0
2023-08-29,10180.0,-72.0,214.0,286.0
2023-08-30,10280.0,-142.0,224.0,366.0
2023-08-31,10140.0,-268.0,237.0,505.0
2023-09-01,10102.0,-227.5,224.5,452.0
2023-09-02,10064.0,-187.0,212.0,399.0
2023-09-03,10026.0,-146.5,199.5,346.0
2023-09-04,9988.0,-106.0,187.0,293.0
2023-09-05,10142.0,-21.0,222.0,243.0
2023-09-06,10356.0,-49.0,242.0,291.0
2023-09-07,10419.0,-238.0,160.0,398.0
2023-09-08,10373.333333333334,-216.66666666666669,176.0,392.6666666666667
2023-09-09,10327.666666666666,-195.33333333333331,192.0,387.3333333333333
2023-09-10,10282.0,-174.0,208.0,382.0
2023-09-11,10492.0,-94.0,183.0,277.0
2023-09-12,10649.0,-164.0,152.0,316.0
2023-09-13,10678.0,-130.0,213.0,343.0
2023-09-14,10837.0,-182.0,232.0,414.0
2023-09-15,10824.333333333334,-168.33333333333331,250.0,418.3333333333333
2023-09-16,10811.666666666666,-154.66666666666669,268.0,422.6666666666667
2023-09-17,10799.0,-141.0,286.0,427.0
2023-09-18,10892.0,-94.0,219.0,313.0
2023-09-19,11095.0,-71.0,189.0,260.0
2023-09-20,11064.0,-117.0,247.0,364.0
2023-09-21,11067.0,-218.0,210.0,428.0
2023-09-22,10959.333333333334,-211.66666666666669,208.0,419.6666666666667
2023-09-23,10851.666666666666,-205.33333333333331,206.0,411.3333333333333
2023-09-24,10744.0,-199.0,204.0,403.0
2023-09-25,10842.0,-48.0,236.0,284.0
2023-09-26,10978.0,-155.0,177.0,332.0
2023-09-27,11017.0,-120.0,211.0,331.0
2023-09-28,10984.0,-254.0,193.0,447.0
2023-09-29,10855.333333333334,-283.0,179.33333333333334,462.3333333333333
2023-09-30,10726.666666666666,-312.0,165.66666666666666,477.6666666666667
2023-10-01,10598.0,-341.0,152.0,493.0
2023-10-02,10724.0,-151.0,133.0,284.0
2023-10-03,10818.0,-148.0,139.0,287.0
2023-10-04,10963.0,-236.0,94.0,330.0
2023-10-05,11130.0,-374.0,53.0,427.0
2023-10-06,11051.25,-335.0,55.75,390.75
2023-10-07,10972.5,-296.0,58.5,354.5
2023-10-08,10893.75,-257.0,61.25,318.25
2023-10-09,10815.0,-218.0,64.0,282.0
2023-10-10,10910.0,-186.0,71.0,257.0
2023-10-11,10960.0,-201.0,65.0,266.0
2023-10-12,10992.0,-316.0,82.0,398.0
2023-10-13,10851.666666666666,-332.6666666666667,77.33333333333333,410.0
2023-10-14,10711.333333333334,-349.3333333333333,72.66666666666667,422.0
2023-10-15,10571.0,-366.0,68.0,434.0
2023-10-16,10629.0,-251.0,80.0,331.0
2023-10-17,10630.0,-213.0,102.0,315.0
2023-10-18,10511.0,-300.0,93.0,393.0
2023-10-19,10319.0,-299.0,107.0,406.0
2023-10-20,10048.0,-307.0,115.0,422.0
2023-10-21,9777.0,-315.0,123.0,438.0
2023-10-22,9506.0,-323.0,131.0,454.0
2023-10-23,9436.0,-159.0,168.0,327.0
2023-10-24,9396.0,-164.0,136.0,300.0
2023-10-25,9351.0,-176.0,117.0,293.0
2023-10-26,9235.0,-338.0,52.0,390.0
2023-10-27,9131.666666666666,-332.3333333333333,67.0,399.3333333333333
2023-10-28,9028.333333333334,-326.6666666666667,82.0,408.6666666666667
2023-10-29,8925.0,-321.0,97.0,418.0
2023-10-30,9026.0,-267.0,11.0,278.0
2023-10-31,9072.0,-261.0,34.0,295.0
2023-11-01,9250.0,-82.0,197.0,279.0
2023-11-02,9442.0,-74.0,256.0,330.0
2023-11-03,9385.666666666666,-116.99999999999997,226.33333333333334,343.3333333333333
2023-11-04,9329.333333333334,-160.00000000000003,196.66666666666666,356.6666666666667
2023-11-05,9273.0,-203.0,167.0,370.0
2023-11-06,9286.0,-157.0,159.0,316.0
2023-11-07,9483.0,-43.0,188.0,231.0
2023-11-08,9634.0,-119.0,191.0,310.0
2023-11-09,9594.75,-109.25,201.5,310.75
2023-11-10,9555.5,-99.5,212.0,311.5
2023-11-11,9516.25,-89.75,222.5,312.25
2023-11-12,9477.0,-80.0,233.0,313.0
2023-11-13,9510.0,-158.0,129.0,287.0
2023-11-14,9665.0,-65.0,182.0,247.0
2023-11-15,9762.0,-115.0,201.0,316.0
2023-11-16,9762.0,-249.0,125.0,374.0
2023-11-17,9699.0,-256.3333333333333,138.0,394.3333333333333
2023-11-18,9636.0,-263.6666666666667,151.0,414.6666666666667
2023-11-19,9573.0,-271.0,164.0,435.0
2023-11-20,9638.0,-140.0,158.0,298.0
2023-11-21,9804.0,-127.0,123.0,250.0
2023-11-22,9821.0,-116.5,150.0,266.5
2023-11-23,9838.0,-106.0,177.0,283.0
2023-11-24,9840.333333333334,-106.33333333333334,186.33333333333334,292.6666666666667
2023-11-25,9842.666666666666,-106.66666666666666,195.66666666666666,302.3333333333333
2023-11-26,9845.0,-107.0,205.0,312.0
2023-11-27,10123.0,-146.0,68.0,214.0
2023-11-28,10223.0,-143.0,80.0,223.0
2023-11-29,10398.0,-182.0,102.0,284.0
2023-11-30,10536.0,-227.0,93.0,320.0
2023-12-01,10550.333333333334,-224.66666666666666,127.66666666666666,352.3333333333333
2023-12-02,10564.666666666666,-222.33333333333337,162.33333333333331,384.6666666666667
2023-12-03,10579.0,-220.0,197.0,417.0
2023-12-04,10635.0,-17.0,256.0,273.0
2023-12-05,10761.0,-94.0,167.0,261.0
2023-12-06,10832.0,-217.0,159.0,376.0
2023-12-07,10897.0,-278.0,188.0,466.0
2023-12-08,10888.333333333334,-258.6666666666667,189.0,447.6666666666667
2023-12-09,10879.666666666666,-239.33333333333331,190.0,429.3333333333333
2023-12-10,10871.0,-220.0,191.0,411.0
2023-12-11,10998.0,-71.0,233.0,304.0
2023-12-12,11077.0,-130.0,129.0,259.0
2023-12-13,11192.0,-153.0,182.0,335.0
2023-12-14,11242.0,-195.0,201.0,396.0
2023-12-15,11192.0,-240.33333333333334,175.66666666666666,416.0
2023-12-16,11142.0,-285.6666666666667,150.33333333333331,436.0
2023-12-17,11092.0,-331.0,125.0,456.0
2023-12-18,11149.0,-200.0,164.0,364.0
2023-12-19,11291.0,-114.0,158.0,272.0
2023-12-20,11516.0,-267.0,123.0,390.0
2023-12-21,11375.0,-320.0,177.0,497.0
2023-12-22,11317.25,-275.5,184.0,459.5
2023-12-23,11259.5,-231.0,191.0,422.0
2023-12-24,11201.75,-186.5,198.0,384.5
2023-12-25,11144.0,-142.0,205.0,347.0
2023-12-26,11217.0,-220.0,68.0,288.0
2023-12-27,11206.0,-255.0,80.0,335.0
2023-12-28,11230.0,-255.0,102.0,357.0
2023-12-29,11140.0,-240.5,99.75,340.25
2023-12-30,11050.0,-226.0,97.5,323.5
2023-12-31,10960.0,-211.5,95.25,306.75
2024-01-01,10870.0,-197.0,93.0,290.0
2024-01-02,10770.0,-209.0,107.0,316.0
2024-01-03,10718.0,-132.0,131.0,263.0
2024-01-04,10558.0,-194.0,168.0,362.0
2024-01-05,10262.0,-206.33333333333334,157.33333333333334,363.6666666666667
2024-01-06,9966.0,-218.66666666666666,146.66666666666666,365.3333333333333
2024-01-07,9670.0,-231.0,136.0,367.0
2024-01-08,9670.0,-250.0,117.0,367.0
2024-01-09,9311.0,-234.0,52.0,286.0
2024-01-10,9144.0,-252.0,97.0,349.0
2024-01-11,8829.0,-465.0,11.0,476.0
2024-01-12,8630.0,-398.75,16.75,415.5
2024-01-13,8431.0,-332.5,22.5,355.0
2024-01-14,8232.0,-266.25,28.25,294.5
2024-01-15,8033.0,-200.0,34.0,234.0
2024-01-16,8133.0,-149.0,39.0,188.0
2024-01-17,8072.0,-228.0,125.0,353.0
2024-01-18,8042.0,-195.0,164.0,359.0
2024-01-19,8019.333333333333,-201.0,162.0,363.0
2024-01-20,7996.666666666667,-207.0,160.0,367.0
2024-01-21,7974.0,-213.0,158.0,371.0
2024-01-22,8008.0,-99.0,123.0,222.0
2024-01-23,8133.0,-25.0,177.0,202.0
2024-01-24,8212.0,-38.0,205.0,243.0
2024-01-25,8180.0,-138.0,155.0,293.0
2024-01-26,8121.333333333333,-152.33333333333334,145.33333333333334,297.6666666666667
2024-01-27,8062.666666666667,-166.66666666666666,135.66666666666666,302.3333333333333
2024-01-28,8004.0,-181.0,126.0,307.0
2024-01-29,8057.0,-29.0,166.0,195.0
2024-01-30,8182.0,21.0,208.0,187.0
2024-01-31,8153.0,-8.0,258.0,266.0
2024-02-01,8026.0,-48.0,289.0,337.0
2024-02-02,7955.0,-63.33333333333337,275.3333333333333,338.6666666666667
2024-02-03,7884.0,-78.66666666666663,261.6666666666667,340.3333333333333
2024-02-04,7813.0,-94.0,248.0,342.0
2024-02-05,7872.0,103.0,345.0,242.0
2024-02-06,8045.0,145.0,323.0,178.0
2024-02-07,8160.0,108.0,330.0,222.0
2024-02-08,8188.0,43.0,358.0,315.0
2024-02-09,8144.0,-11.666666666666686,314.0,325.6666666666667
2024-02-10,8100.0,-66.33333333333331,270.0,336.3333333333333
2024-02-11,8056.0,-121.0,226.0,347.0
2024-02-12,8092.0,206.0,440.0,234.0
2024-02-13,8348.0,189.0,349.0,160.0
2024-02-14,8512.0,42.0,272.0,230.0
2024-02-15,8463.0,-40.0,272.0,312.0
2024-02-16,8442.25,8.25,296.75,288.5
2024-02-17,8421.5,56.5,321.5,265.0
2024-02-18,8400.75,104.75,346.25,241.5
2024-02-19,8380.0,153.0,371.0,218.0
2024-02-20,8488.0,81.0,273.0,192.0
2024-02-21,8573.0,87.0,318.0,231.0
2024-02-22,8607.0,-1.0,292.0,293.0
2024-02-23,8539.333333333334,11.666666666666686,316.6666666666667,305.0
2024-02-24,8471.666666666666,24.333333333333314,341.3333333333333,317.0
2024-02-25,8404.0,37.0,366.0,329.0
2024-02-26,8404.0,-3.0,326.0,329.0
2024-02-27,8650.0,100.0,306.0,206.0
2024-02-28,8699.0,17.0,274.0,257.0
2024-02-29,8724.0,55.0,354.0,299.0
2024-03-01,8680.666666666666,34.33333333333337,351.6666666666667,317.3333333333333
2024-03-02,8637.333333333334,13.666666666666629,349.3333333333333,335.6666666666667
2024-03-03,8594.0,-7.0,347.0,354.0
2024-03-04,8660.0,111.0,340.0,229.0
2024-03-05,8800.0,131.0,345.0,214.0
2024-03-06,8870.0,45.0,277.0,232.0
2024-03-07,8902.0,23.0,328.0,305.0
2024-03-08,8839.333333333334,-0.33333333333337123,327.3333333333333,327.6666666666667
2024-03-09,8776.666666666666,-23.66666666666663,326.6666666666667,350.3333333333333
2024-03-10,8714.0,-47.0,326.0,373.0
2024-03-11,8757.0,37.0,290.0,253.0
2024-03-12,8843.0,77.0,290.0,213.0
2024-03-13,8819.0,-72.0,167.0,239.0
2024-03-14,8695.0,-58.0,252.0,310.0
2024-03-15,8587.666666666666,-66.33333333333334,254.33333333333334,320.6666666666667
2024-03-16,8480.333333333334,-74.66666666666663,256.6666666666667,331.3333333333333
2024-03-17,8373.0,-83.0,259.0,342.0
2024-03-18,8333.0,-95.0,188.0,283.0
2024-03-19,8390.0,59.0,256.0,197.0
2024-03-20,8365.0,-53.0,174.0,227.0
2024-03-21,8292.0,-94.0,141.0,235.0
2024-03-22,8161.0,-113.33333333333334,167.66666666666666,281.0
2024-03-23,8030.0,-132.66666666666666,194.33333333333334,327.0
2024-03-24,7899.0,-152.0,221.0,373.0
2024-03-25,7899.0,-5.0,224.0,229.0
2024-03-26,7919.0,-8.0,200.0,208.0
2024-03-27,7893.0,-30.0,185.0,215.0
2024-03-28,7762.0,-112.0,248.0,360.0
2024-03-29,7593.666666666667,-120.00000000000003,215.66666666666666,335.6666666666667
2024-03-30,7425.333333333333,-128.0,183.33333333333331,311.3333333333333
2024-03-31,7257.0,-136.0,151.0,287.0
2024-04-01,7271.0,-1.0,171.0,172.0
2024-04-02,7340.0,43.0,175.0,132.0
2024-04-03,7346.0,27.0,190.0,163.0
2024-04-04,7317.0,-73.0,152.0,225.0
2024-04-05,7205.333333333333,-64.0,179.0,243.0
2024-04-06,7093.666666666667,-55.0,206.0,261.0
2024-04-07,6982.0,-46.0,233.0,279.0
2024-04-08,6988.0,-32.0,167.0,199.0
2024-04-09,7043.0,87.0,217.0,130.0
2024-04-10,6999.0,-85.0,142.0,227.0
2024-04-11,6912.0,-65.0,220.0,285.0
2024-04-12,6818.0,-59.00000000000003,227.66666666666666,286.6666666666667
2024-04-13,6724.0,-52.99999999999997,235.33333333333334,288.3333333333333
2024-04-14,6630.0,-47.0,243.0,290.0
2024-04-15,6681.0,-15.0,176.0,191.0
2024-04-16,6685.0,42.0,205.0,163.0
2024-04-17,6725.0,47.0,274.0,227.0
2024-04-18,6728.0,-2.0,258.0,260.0
2024-04-19,6733.666666666667,32.99999999999997,286.3333333333333,253.33333333333334
2024-04-20,6739.333333333333,68.00000000000003,314.6666666666667,246.66666666666666
2024-04-21,6745.0,103.0,343.0,240.0
2024-04-22,6799.0,37.0,251.0,214.0
2024-04-23,6967.0,173.0,307.0,134.0
2024-04-24,7128.0,153.0,307.0,154.0
2024-04-25,7209.0,116.0,333.0,217.0
2024-04-26,7238.666666666667,115.66666666666669,343.6666666666667,228.0
2024-04-27,7268.333333333333,115.33333333333331,354.3333333333333,239.0
2024-04-28,7298.0,115.0,365.0,250.0
2024-04-29,7373.0,68.0,255.0,187.0
2024-04-30,7431.0,59.0,194.0,135.0
2024-05-01,7508.0,105.0,295.0,190.0
2024-05-02,7577.0,99.0,293.0,194.0
2024-05-03,7533.666666666667,31.333333333333314,271.3333333333333,240.0
2024-05-04,7490.333333333333,-36.33333333333334,249.66666666666666,286.0
2024-05-05,7447.0,-104.0,228.0,332.0
2024-05-06,7449.0,6.0,211.0,205.0
2024-05-07,7566.0,83.0,246.0,163.0
2024-05-08,7583.0,3.0,205.0,202.0
2024-05-09,7570.0,24.0,268.0,244.0
2024-05-10,7534.666666666667,21.99999999999997,266.3333333333333,244.33333333333334
2024-05-11,7499.333333333333,20.00000000000003,264.6666666666667,244.66666666666666
2024-05-12,7464.0,18.0,263.0,245.0
2024-05-13,7499.0,10.0,167.0,157.0
2024-05-14,7546.0,32.0,218.0,186.0
2024-05-15,7589.0,76.0,341.0,265.0
2024-05-16,7565.0,-20.0,214.0,234.0
2024-05-17,7495.333333333333,-20.0,235.33333333333334,255.33333333333334
2024-05-18,7425.666666666667,-20.0,256.6666666666667,276.6666666666667
2024-05-19,7356.0,-20.0,278.0,298.0
2024-05-20,7368.0,25.0,217.0,192.0
2024-05-21,7404.0,31.0,176.0,145.0
2024-05-22,7474.0,64.0,272.0,208.0
2024-05-23,7494.0,87.0,314.0,227.0
2024-05-24,7461.75,86.5,298.5,212.0
2024-05-25,7429.5,86.0,283.0,197.0
2024-05-26,7397.25,85.5,267.5,182.0
2024-05-27,7365.0,85.0,252.0,167.0
2024-05-28,7418.0,88.0,239.0,151.0
2024-05-29,7491.0,17.0,158.0,141.0
2024-05-30,7563.0,149.0,339.0,190.0
2024-05-31,7557.333333333333,104.66666666666663,333.3333333333333,228.66666666666669
2024-06-01,7551.666666666667,60.333333333333314,327.6666666666667,267.33333333333337
2024-06-02,7546.0,16.0,322.0,306.0
2024-06-03,7596.0,33.0,257.0,224.0
2024-06-04,7565.0,-27.0,176.0,203.0
2024-06-05,7691.0,93.0,291.0,198.0
2024-06-06,7741.0,44.0,282.0,238.0
2024-06-07,7644.333333333333,-19.33333333333337,243.33333333333331,262.6666666666667
2024-06-08,7547.666666666667,-82.66666666666666,204.66666666666666,287.3333333333333
2024-06-09,7451.0,-146.0,166.0,312.0
2024-06-10,7439.0,17.0,229.0,212.0
2024-06-11,7493.0,68.0,224.0,156.0
2024-06-12,7548.0,62.0,274.0,212.0
2024-06-13,7544.0,-29.0,230.0,259.0
2024-06-14,7465.0,-39.666666666666686,231.0,270.6666666666667
2024-06-15,7386.0,-50.333333333333314,232.0,282.3333333333333
2024-06-16,7307.0,-61.0,233.0,294.0
2024-06-17,7318.0,48.0,272.0,224.0
2024-06-18,7340.0,39.0,253.0,214.0
2024-06-19,7433.0,48.0,246.0,198.0
2024-06-20,7431.0,8.0,243.0,235.0
2024-06-21,7369.666666666667,-25.666666666666657,229.0,254.66666666666666
2024-06-22,7308.333333333333,-59.333333333333314,215.0,274.3333333333333
2024-06-23,7247.0,-93.0,201.0,294.0
2024-06-24,7239.0,-30.0,172.0,202.0
2024-06-25,7239.0,-11.0,191.0,202.0
2024-06-26,7268.0,10.0,197.0,187.0
2024-06-27,7248.0,-12.0,256.0,268.0
2024-06-28,7123.333333333333,-43.33333333333334,226.33333333333334,269.6666666666667
2024-06-29,6998.666666666667,-74.66666666666666,196.66666666666666,271.3333333333333
2024-06-30,6874.0,-106.0,167.0,273.0
2024-07-01,6825.0,-70.0,159.0,229.0
2024-07-02,6823.0,4.0,188.0,184.0
2024-07-03,6806.5,-15.0,189.5,204.5
2024-07-04,6790.0,-34.0,191.0,225.0
2024-07-05,6726.333333333333,-16.0,205.0,221.0
2024-07-06,6662.666666666667,2.0,219.0,217.0
2024-07-07,6599.0,20.0,233.0,213.0
2024-07-08,6617.0,6.0,129.0,123.0
2024-07-09,6651.0,52.0,182.0,130.0
2024-07-10,6649.0,24.0,201.0,177.0
2024-07-11,6640.0,-72.0,125.0,197.0
2024-07-12,6529.333333333333,-72.33333333333334,138.0,210.33333333333334
2024-07-13,6418.666666666667,-72.66666666666666,151.0,223.66666666666666
2024-07-14,6308.0,-73.0,164.0,237.0
2024-07-15,6283.0,-13.0,158.0,171.0
2024-07-16,6239.0,-50.0,123.0,173.0
2024-07-17,6228.0,-10.0,177.0,187.0
2024-07-18,6185.5,-21.75,184.0,205.75
2024-07-19,6143.0,-33.5,191.0,224.5
2024-07-20,6100.5,-45.25,198.0,243.25
2024-07-21,6058.0,-57.0,205.0,262.0
2024-07-22,6002.0,-79.0,155.0,234.0
2024-07-23,5965.0,-44.0,126.0,170.0
2024-07-24,5927.0,-11.0,166.0,177.0
2024-07-25,5954.0,14.0,208.0,194.0
2024-07-26,5883.666666666667,6.666666666666657,205.0,198.33333333333334
2024-07-27,5813.333333333333,-0.6666666666666572,202.0,202.66666666666666
2024-07-28,5743.0,-8.0,199.0,207.0
2024-07-29,5819.0,56.0,219.0,163.0
2024-07-30,5930.0,116.0,208.0,92.0
2024-07-31,5963.0,9.0,163.0,154.0
2024-08-01,6016.0,43.0,212.0,169.0
2024-08-02,5991.666666666667,19.666666666666657,189.0,169.33333333333334
2024-08-03,5967.333333333333,-3.666666666666657,166.0,169.66666666666666
2024-08-04,5943.0,-27.0,143.0,170.0
2024-08-05,5950.0,-12.0,138.0,150.0
2024-08-06,5998.0,57.0,200.0,143.0
2024-08-07,6038.0,33.0,207.0,174.0
2024-08-08,6084.0,39.0,213.0,174.0
2024-08-09,6020.666666666667,-10.333333333333343,188.66666666666666,199.0
2024-08-10,5957.333333333333,-59.66666666666666,164.33333333333334,224.0
2024-08-11,5894.0,-109.0,140.0,249.0
2024-08-12,5903.0,7.0,155.0,148.0
2024-08-13,5981.0,66.0,189.0,123.0
2024-08-14,5987.0,13.0,191.0,178.0
2024-08-15,5895.0,-64.0,156.0,220.0
2024-08-16,5870.333333333333,-23.666666666666657,182.33333333333334,206.0
2024-08-17,5845.666666666667,16.666666666666657,208.66666666666666,192.0
2024-08-18,5821.0,57.0,235.0,178.0
2024-08-19,5865.0,4.0,162.0,158.0
2024-08-20,5995.0,133.0,245.0,112.0
2024-08-21,6028.0,11.0,167.0,156.0
2024-08-22,6054.0,34.0,205.0,171.0
2024-08-23,6073.6,52.20000000000002,208.4,156.2
2024-08-24,6093.2,70.4,211.8,141.4
2024-08-25,6112.8,88.6,215.2,126.6
2024-08-26,6132.4,106.8,218.6,111.8
2024-08-27,6152.0,125.0,222.0,97.0
2024-08-28,6227.0,44.0,178.0,134.0
2024-08-29,6250.0,19.0,188.0,169.0
2024-08-30,6235.5,31.5,190.5,159.0
2024-08-31,6221.0,44.0,193.0,149.0
2024-09-01,6206.5,56.5,195.5,139.0
2024-09-02,6192.0,69.0,198.0,129.0
2024-09-03,6272.0,65.0,177.0,112.0
2024-09-04,6375.0,105.0,219.0,114.0
2024-09-05,6448.0,54.0,175.0,121.0
2024-09-06,6402.666666666667,17.00000000000003,171.33333333333334,154.33333333333331
2024-09-07,6357.333333333333,-20.0,167.66666666666666,187.66666666666666
2024-09-08,6312.0,-57.0,164.0,221.0
2024-09-09,6353.0,49.0,190.0,141.0
2024-09-10,6396.0,32.0,180.0,148.0
2024-09-11,6410.0,13.0,175.0,162.0
2024-09-12,6360.0,-10.0,210.0,220.0
2024-09-13,6326.0,-67.0,212.0,279.0
2024-09-14,6280.0,-55.0,189.5,244.5
2024-09-15,6234.0,-43.0,167.0,210.0
2024-09-16,6229.0,-4.0,160.0,164.0
2024-09-17,6227.0,-21.0,139.0,160.0
2024-09-18,6245.0,68.0,217.0,149.0
2024-09-19,6270.0,-19.0,169.0,188.0
2024-09-20,6176.333333333333,-24.666666666666657,166.33333333333334,191.0
2024-09-21,6082.666666666667,-30.333333333333343,163.66666666666666,194.0
2024-09-22,5989.0,-36.0,161.0,197.0
2024-09-23,6002.0,8.0,173.0,165.0
2024-09-24,6023.0,29.0,172.0,143.0
2024-09-25,6050.0,51.0,220.0,169.0
2024-09-26,6090.0,-13.0,172.0,185.0
2024-09-27,6035.0,-16.666666666666686,165.66666666666666,182.33333333333334
2024-09-28,5980.0,-20.333333333333314,159.33333333333334,179.66666666666666
2024-09-29,5925.0,-24.0,153.0,177.0
2024-09-30,5967.0,46.0,184.0,138.0
2024-10-01,6040.0,80.0,217.0,137.0
2024-10-02,6091.0,57.0,230.0,173.0
2024-10-03,6118.0,-15.0,178.0,193.0
2024-10-04,6080.5,-5.5,177.5,183.0
2024-10-05,6043.0,4.0,177.0,173.0
2024-10-06,6005.5,13.5,176.5,163.0
2024-10-07,5968.0,23.0,176.0,153.0
2024-10-08,6013.0,43.0,166.0,123.0
2024-10-09,6047.0,32.0,169.0,137.0
2024-10-10,6075.0,34.0,193.0,159.0
2024-10-11,6013.0,16.666666666666657,192.66666666666666,176.0
2024-10-12,5951.0,-0.6666666666666572,192.33333333333334,193.0
2024-10-13,5889.0,-18.0,192.0,210.0
2024-10-14,5935.0,54.0,160.0,106.0
2024-10-15,6013.0,52.0,159.0,107.0
2024-10-16,6036.0,21.0,150.0,129.0
2024-10-17,6076.0,46.0,206.0,160.0
2024-10-18,6023.333333333333,37.0,208.66666666666666,171.66666666666666
2024-10-19,5970.666666666667,28.0,211.33333333333334,183.33333333333334
2024-10-20,5918.0,19.0,214.0,195.0
2024-10-21,5966.0,59.0,213.0,154.0
2024-10-22,6043.0,37.0,146.0,109.0
2024-10-23,6077.0,48.0,186.0,138.0
2024-10-24,6051.25,27.5,179.0,151.5
2024-10-25,6025.5,7.0,172.0,165.0
2024-10-26,5999.75,-13.5,165.0,178.5
2024-10-27,5974.0,-34.0,158.0,192.0
2024-10-28,6008.0,37.0,193.0,156.0
2024-10-29,6106.0,103.0,229.0,126.0
2024-10-30,6149.0,18.0,178.0,160.0
2024-10-31,6148.0,-4.0,173.0,177.0
2024-11-01,6095.333333333333,-11.666666666666686,167.66666666666666,179.33333333333334
2024-11-02,6042.666666666667,-19.333333333333314,162.33333333333334,181.66666666666666
2024-11-03,5990.0,-27.0,157.0,184.0
2024-11-04,6007.0,25.0,157.0,132.0
2024-11-05,6045.0,33.0,159.0,126.0
2024-11-06,6086.0,39.0,176.0,137.0
2024-11-07,6084.0,15.0,192.0,177.0
2024-11-08,6053.75,17.0,186.0,169.0
2024-11-09,6023.5,19.0,180.0,161.0
2024-11-10,5993.25,21.0,174.0,153.0
2024-11-11,5963.0,23.0,168.0,145.0
2024-11-12,5975.0,1.0,139.0,138.0
2024-11-13,5966.0,24.0,175.0,151.0
2024-11-14,6025.0,38.0,210.0,172.0
2024-11-15,5955.333333333333,10.0,189.66666666666666,179.66666666666666
2024-11-16,5885.666666666667,-18.0,169.33333333333334,187.33333333333334
2024-11-17,5816.0,-46.0,149.0,195.0
2024-11-18,5819.0,25.0,163.0,138.0
2024-11-19,5844.0,6.0,152.0,146.0
2024-11-20,5879.0,33.0,181.0,148.0
2024-11-21,5850.0,-37.0,173.0,210.0
2024-11-22,5788.0,-29.666666666666657,179.33333333333334,209.0
2024-11-23,5726.0,-22.333333333333343,185.66666666666666,208.0
2024-11-24,5664.0,-15.0,192.0,207.0
2024-11-25,5715.0,67.0,196.0,129.0
2024-11-26,5826.0,102.0,214.0,112.0
2024-11-27,5862.0,13.0,224.0,211.0
2024-11-28,5963.0,94.0,237.0,143.0
2024-11-29,5970.666666666667,75.33333333333334,220.33333333333334,145.0
2024-11-30,5978.333333333333,56.666666666666686,203.66666666666669,147.0
2024-12-01,5986.0,38.0,187.0,149.0
2024-12-02,6061.0,107.0,222.0,115.0
2024-12-03,6192.0,135.0,242.0,107.0
2024-12-04,6269.0,45.0,160.0,115.0
2024-12-05,6310.0,58.0,208.0,150.0
2024-12-06,6302.0,42.333333333333314,199.66666666666666,157.33333333333334
2024-12-07,6294.0,26.666666666666686,191.33333333333334,164.66666666666666
2024-12-08,6286.0,11.0,183.0,172.0
2024-12-09,6268.0,-22.0,152.0,174.0
2024-12-10,6310.0,64.0,213.0,149.0
2024-12-11,6402.0,80.0,232.0,152.0
2024-12-12,6481.0,92.0,286.0,194.0
2024-12-13,6456.666666666667,59.666666666666686,263.6666666666667,204.0
2024-12-14,6432.333333333333,27.333333333333343,241.33333333333334,214.0
2024-12-15,6408.0,-5.0,219.0,224.0
2024-12-16,6454.0,40.0,189.0,149.0
2024-12-17,6506.0,96.0,247.0,151.0
2024-12-18,6598.0,76.0,210.0,134.0
2024-12-19,6600.0,-34.0,204.0,238.0
2024-12-20,6598.333333333333,-33.33333333333334,214.66666666666666,248.0
2024-12-21,6596.666666666667,-32.66666666666666,225.33333333333334,258.0
2024-12-22,6595.0,-32.0,236.0,268.0
2024-12-23,6548.0,-54.0,177.0,231.0
2024-12-24,6622.0,56.0,211.0,155.0
2024-12-25,6689.0,86.0,193.0,107.0
2024-12-26,6707.0,17.0,152.0,135.0
2024-12-27,6626.333333333333,-16.333333333333343,145.66666666666666,162.0
2024-12-28,6545.666666666667,-49.66666666666666,139.33333333333334,189.0
2024-12-29,6465.0,-83.0,133.0,216.0
2024-12-30,6454.0,-38.0,139.0,177.0
2024-12-31,6429.5,-44.0,116.5,160.5
2025-01-01,6405.0,-50.0,94.0,144.0
2025-01-02,6292.0,-117.0,53.0,170.0
2025-01-03,6155.333333333333,-118.33333333333334,56.666666666666664,175.0
2025-01-04,6018.666666666667,-119.66666666666666,60.333333333333336,180.0
2025-01-05,5882.0,-121.0,64.0,185.0
2025-01-06,5769.0,-119.0,71.0,190.0
2025-01-07,5703.0,-68.0,65.0,133.0
2025-01-08,5605.0,-102.0,82.0,184.0
2025-01-09,5507.0,-96.0,68.0,164.0
2025-01-10,5368.666666666667,-115.66666666666666,72.0,187.66666666666666
2025-01-11,5230.333333333333,-135.33333333333331,76.0,211.33333333333331
2025-01-12,5092.0,-155.0,80.0,235.0
2025-01-13,5019.0,-79.0,102.0,181.0
2025-01-14,4957.0,-46.0,93.0,139.0
2025-01-15,4903.0,-57.0,107.0,164.0
2025-01-16,4881.0,-28.0,131.0,159.0
2025-01-17,4796.666666666667,-21.333333333333314,143.33333333333334,164.66666666666666
2025-01-18,4712.333333333333,-14.666666666666686,155.66666666666666,170.33333333333334
2025-01-19,4628.0,-8.0,168.0,176.0
2025-01-20,4638.0,9.0,136.0,127.0
2025-01-21,4728.0,63.0,117.0,54.0
2025-01-22,4717.0,-31.0,52.0,83.0
2025-01-23,4621.0,-77.0,97.0,174.0
2025-01-24,4494.333333333333,-108.33333333333333,68.33333333333333,176.66666666666666
2025-01-25,4367.666666666667,-139.66666666666669,39.666666666666664,179.33333333333334
2025-01-26,4241.0,-171.0,11.0,182.0
2025-01-27,4161.0,-93.0,34.0,127.0
2025-01-28,4096.0,-62.0,39.0,101.0
2025-01-29,4036.0,-60.0,39.0,99.0
2025-01-30,3923.0,-112.0,47.0,159.0
2025-01-31,3776.3333333333335,-117.0,45.0,162.0
2025-02-01,3629.6666666666665,-122.0,43.0,165.0
2025-02-02,3483.0,-127.0,41.0,168.0
2025-02-03,3403.0,-91.0,11.0,102.0
2025-02-04,3359.0,-45.0,29.0,74.0
2025-02-05,3290.0,-68.0,36.0,104.0
2025-02-06,3181.0,-118.0,27.0,145.0
2025-02-07,3080.0,-103.99999999999999,25.666666666666668,129.66666666666666
2025-02-08,2979.0,-90.0,24.333333333333332,114.33333333333333
2025-02-09,2878.0,-76.0,23.0,99.0
2025-02-10,2834.0,-48.0,15.0,63.0
2025-02-11,2799.0,-38.0,12.0,50.0
2025-02-12,2752.0,-46.0,20.0,66.0
2025-02-13,2703.0,-49.0,23.0,72.0
2025-02-14,2660.25,-37.0,20.75,57.75
2025-02-15,2617.5,-25.0,18.5,43.5
2025-02-16,2574.75,-13.0,16.25,29.25
2025-02-17,2532.0,-1.0,14.0,15.0
2025-02-18,2536.0,2.0,11.0,9.0
2025-02-19,2528.0,-2.0,17.0,19.0
2025-02-20,2520.0,-17.0,15.0,32.0
2025-02-21,2487.6666666666665,-20.333333333333336,12.666666666666666,33.0
2025-02-22,2455.3333333333335,-23.666666666666668,10.333333333333332,34.0
2025-02-23,2423.0,-27.0,8.0,35.0
2025-02-24,2413.0,-10.0,14.0,24.0
2025-02-25,2413.0,-16.0,7.0,23.0
2025-02-26,2411.0,-22.0,1.0,23.0
2025-02-27,2391.0,-20.0,17.0,37.0
2025-02-28,2359.6666666666665,-22.333333333333332,12.666666666666668,35.0
2025-03-01,2328.3333333333335,-24.666666666666664,8.333333333333334,33.0
2025-03-02,2297.0,-27.0,4.0,31.0
2025-03-03,2287.0,-7.0,18.0,25.0
2025-03-04,2272.0,-20.0,10.0,30.0
2025-03-05,2238.0,-36.0,4.0,40.0
2025-03-06,2218.0,-27.0,6.0,33.0
2025-03-07,2191.0,-23.0,9.0,32.0
2025-03-08,2164.0,-19.0,12.0,31.0
2025-03-09,2137.0,-15.0,15.0,30.0
2025-03-10,2125.0,-15.0,8.0,23.0
2025-03-11,2116.0,-13.0,7.0,20.0
2025-03-12,2113.0,-6.0,2.0,8.0
2025-03-13,2116.0,3.0,9.0,6.0
2025-03-14,2116.3333333333335,2.999999999999999,8.666666666666666,5.666666666666667
2025-03-15,2116.6666666666665,3.000000000000001,8.333333333333334,5.333333333333333
2025-03-16,2117.0,3.0,8.0,5.0
2025-03-17,2111.0,-8.0,0.0,8.0
2025-03-18,2109.0,-2.0,6.0,8.0
2025-03-19,2119.0,5.0,14.0,9.0
2025-03-20,2124.0,4.0,11.0,7.0
2025-03-21,2128.0,5.000000000000001,10.333333333333334,5.333333333333333
2025-03-22,2132.0,6.0,9.666666666666666,3.6666666666666665
2025-03-23,2136.0,7.0,9.0,2.0
2025-03-24,2139.0,4.0,11.0,7.0
2025-03-25,2145.0,1.0,7.0,6.0
2025-03-26,2159.0,13.0,15.0,2.0
2025-03-27,2159.0,11.0,13.0,2.0
2025-03-28,2168.6666666666665,8.333333333333334,10.333333333333334,2.0
2025-03-29,2178.3333333333335,5.666666666666667,7.666666666666667,2.0
2025-03-30,2188.0,3.0,5.0,2.0
2025-03-31,2193.0,3.0,8.0,5.0
2025-04-01,2191.0,-5.0,7.0,12.0
2025-04-02,2208.0,13.0,16.0,3.0
2025-04-03,2223.0,10.0,18.0,8.0
2025-04-04,2226.6666666666665,5.333333333333334,14.333333333333334,9.0
2025-04-05,2230.3333333333335,0.6666666666666679,10.666666666666668,10.0
2025-04-06,2234.0,-4.0,7.0,11.0
2025-04-07,2237.0,4.0,9.0,5.0
2025-04-08,2243.0,3.0,12.0,9.0
2025-04-09,2251.0,5.0,10.0,5.0
2025-04-10,2265.0,11.0,17.0,6.0
2025-04-11,2267.0,-1.0,8.0,9.0
2025-04-12,2275.0,3.0,9.0,6.0
2025-04-13,2283.0,7.0,10.0,3.0
2025-04-14,2282.0,-4.0,9.0,13.0
2025-04-15,2286.0,5.0,12.0,7.0
2025-04-16,2291.0,-3.0,5.0,8.0
2025-04-17,2288.0,-4.0,10.0,14.0
2025-04-18,2293.6666666666665,-2.0,8.666666666666666,10.666666666666666
2025-04-19,2299.3333333333335,8.881784197001252e-16,7.333333333333334,7.333333333333333
2025-04-20,2305.0,2.0,6.0,4.0
2025-04-21,2308.0,-1.0,5.0,6.0
2025-04-22,2305.0,-3.0,14.0,17.0
2025-04-23,2300.0,-7.0,4.0,11.0
2025-04-24,2294.0,-6.0,7.0,13.0
2025-04-25,2296.3333333333335,-1.333333333333334,8.666666666666666,10.0
2025-04-26,2298.6666666666665,3.333333333333334,10.333333333333334,7.0
2025-04-27,2301.0,8.0,12.0,4.0
2025-04-28,2307.0,4.0,12.0,8.0
2025-04-29,2304.0,-4.0,11.0,15.0
2025-04-30,2309.0,-3.0,9.0,12.0
2025-05-01,2306.0,-2.0,14.0,16.0
2025-05-02,2315.6666666666665,0.33333333333333215,12.666666666666666,12.333333333333334
2025-05-03,2325.3333333333335,2.666666666666666,11.333333333333334,8.666666666666668
2025-05-04,2335.0,5.0,10.0,5.0
2025-05-05,2331.0,3.0,20.0,17.0
2025-05-06,2339.0,0.0,16.0,16.0
2025-05-07,2335.0,5.0,15.0,10.0
2025-05-08,2361.0,5.0,16.0,11.0
2025-05-09,2369.0,6.333333333333332,14.666666666666666,8.333333333333334
2025-05-10,2377.0,7.666666666666667,13.333333333333334,5.666666666666667
2025-05-11,2385.0,9.0,12.0,3.0
2025-05-12,2392.0,7.0,14.0,7.0
2025-05-13,2394.0,1.0,12.0,11.0
2025-05-14,2394.0,3.0,14.0,11.0
2025-05-15,2410.0,0.0,14.0,14.0
2025-05-16,2419.0,1.666666666666666,14.0,12.333333333333334
2025-05-17,2428.0,3.333333333333334,14.0,10.666666666666666
2025-05-18,2437.0,5.0,14.0,9.0
2025-05-19,2457.0,11.0,17.0,6.0
2025-05-20,2462.0,3.0,15.0,12.0
2025-05-21,2467.0,-5.0,13.0,18.0
2025-05-22,2473.0,2.0,17.0,15.0
2025-05-23,2479.2,0.8000000000000007,15.0,14.2
2025-05-24,2485.4,-0.40000000000000036,13.0,13.4
2025-05-25,2491.6,-1.5999999999999996,11.0,12.6
2025-05-26,2497.8,-2.8000000000000007,9.0,11.8
2025-05-27,2504.0,-4.0,7.0,11.0
2025-05-28,2499.0,-2.0,12.0,14.0
2025-05-29,2506.0,4.0,15.0,11.0
2025-05-30,2513.3333333333335,4.0,15.333333333333334,11.333333333333334
2025-05-31,2520.6666666666665,4.0,15.666666666666666,11.666666666666666
2025-06-01,2528.0,4.0,16.0,12.0
2025-06-02,2518.0,-11.0,5.0,16.0
2025-06-03,2519.0,-4.0,11.0,15.0
2025-06-04,2516.0,-7.0,9.0,16.0
2025-06-05,2503.0,-16.0,5.0,21.0
2025-06-06,2504.3333333333335,-9.999999999999998,8.333333333333334,18.333333333333332
2025-06-07,2505.6666666666665,-4.0,11.666666666666668,15.666666666666668
2025-06-08,2507.0,2.0,15.0,13.0
2025-06-09,2516.0,5.0,14.0,9.0
2025-06-10,2511.0,-5.0,7.0,12.0
2025-06-11,2512.714285714286,-4.857142857142858,7.428571428571429,12.285714285714286
2025-06-12,2514.4285714285716,-4.714285714285714,7.857142857142857,12.571428571428571
2025-06-13,2516.1428571428573,-4.571428571428571,8.285714285714286,12.857142857142858
2025-06-14,2517.8571428571427,-4.428571428571429,8.714285714285714,13.142857142857142
2025-06-15,2519.5714285714284,-4.2857142857142865,9.142857142857142,13.428571428571429
2025-06-16,2521.285714285714,-4.142857142857142,9.571428571428571,13.714285714285714
2025-06-17,2523.0,-4.0,10.0,14.0
2025-06-18,2512.0,-7.5,8.5,16.0
2025-06-19,2501.0,-11.0,7.0,18.0
2025-06-20,2503.3333333333335,-8.0,6.333333333333333,14.333333333333334
2025-06-21,2505.6666666666665,-5.000000000000001,5.666666666666667,10.666666666666668
2025-06-22,2508.0,-2.0,5.0,7.0
2025-06-23,2495.0,-12.0,5.0,17.0
2025-06-24,2489.0,-11.0,5.0,16.0
2025-06-25,2470.0,-22.0,2.0,24.0
2025-06-26,2447.0,-28.0,7.0,35.0
2025-06-27,2435.6666666666665,-23.0,7.0,30.0
2025-06-28,2424.3333333333335,-18.0,7.0,25.0
2025-06-29,2413.0,-13.0,7.0,20.0
2025-06-30,2407.0,-8.0,8.0,16.0
2025-07-01,2391.0,-16.0,6.0,22.0
2025-07-02,2373.0,-29.0,9.0,38.0
2025-07-03,2362.75,-23.25,7.25,30.5
2025-07-04,2352.5,-17.5,5.5,23.0
2025-07-05,2342.25,-11.75,3.75,15.5
2025-07-06,2332.0,-6.0,2.0,8.0
2025-07-07,2317.0,-12.0,8.0,20.0
2025-07-08,2306.0,-12.0,8.0,20.0
2025-07-09,2281.0,-32.0,0.0,32.0
2025-07-10,2252.0,-36.0,3.0,39.0
2025-07-11,2236.0,-26.0,3.3333333333333335,29.333333333333332
2025-07-12,2220.0,-15.999999999999998,3.6666666666666665,19.666666666666664
2025-07-13,2204.0,-6.0,4.0,10.0
2025-07-14,2181.0,-25.0,1.0,26.0
2025-07-15,2171.0,-12.0,5.0,17.0
2025-07-16,2164.0,-11.0,0.0,11.0
2025-07-17,2153.0,-15.0,2.0,17.0
2025-07-18,2145.0,-13.5,3.25,16.75
2025-07-19,2137.0,-12.0,4.5,16.5
2025-07-20,2129.0,-10.5,5.75,16.25
2025-07-21,2121.0,-9.0,7.0,16.0
2025-07-22,2117.0,-13.0,3.0,16.0
2025-07-23,2111.0,-9.0,5.0,14.0
2025-07-24,2096.0,-22.0,7.0,29.0
2025-07-25,2093.3333333333335,-15.333333333333336,5.333333333333333,20.666666666666668
2025-07-26,2090.6666666666665,-8.66666666666667,3.6666666666666665,12.333333333333336
2025-07-27,2088.0,-2.0,2.0,4.0
2025-07-28,2080.0,-11.0,3.0,14.0
2025-07-29,2072.0,-9.0,3.0,12.0
2025-07-30,2063.0,-12.0,4.0,16.0
2025-07-31,2058.0,-9.0,6.0,15.0
2025-08-01,2055.0,-6.666666666666666,5.0,11.666666666666666
2025-08-02,2052.0,-4.333333333333332,4.0,8.333333333333332
2025-08-03,2049.0,-2.0,3.0,5.0
2025-08-04,2040.0,-3.0,11.0,14.0
2025-08-05,2042.0,-4.0,10.0,14.0
2025-08-06,2036.0,-10.0,3.0,13.0
2025-08-07,2031.0,-11.0,6.0,17.0
2025-08-08,2022.6666666666667,-8.666666666666668,6.666666666666667,15.333333333333334
2025-08-09,2014.3333333333333,-6.333333333333333,7.333333333333333,13.666666666666666
2025-08-10,2006.0,-4.0,8.0,12.0
2025-08-11,1999.0,-12.0,4.0,16.0
2025-08-12,1999.0,0.0,9.0,9.0
2025-08-13,1997.0,-5.0,12.0,17.0
2025-08-14,1994.0,-7.0,4.0,11.0
2025-08-15,1993.0,-5.0,3.3333333333333335,8.333333333333334
2025-08-16,1992.0,-3.0,2.666666666666667,5.666666666666667
2025-08-17,1991.0,-1.0,2.0,3.0
2025-08-18,1985.0,-8.0,6.0,14.0
2025-08-19,1980.0,-8.0,3.0,11.0
2025-08-20,1983.0,0.0,10.0,10.0
2025-08-21,1972.0,-13.0,8.0,21.0
2025-08-22,1975.0,-8.666666666666668,7.0,15.666666666666668
2025-08-23,1978.0,-4.333333333333334,6.0,10.333333333333334
2025-08-24,1981.0,0.0,5.0,5.0
2025-08-25,1980.0,-3.0,8.0,11.0
2025-08-26,1989.0,5.0,20.0,15.0
2025-08-27,1988.0,-10.0,9.0,19.0
2025-08-28,1984.0,-11.0,6.0,17.0
2025-08-29,1990.5,-5.25,8.75,14.0
2025-08-30,1997.0,0.5,11.5,11.0
2025-08-31,2003.5,6.25,14.25,8.0
2025-09-01,2010.0,12.0,17.0,5.0
2025-09-02,2020.0,0.0,9.0,9.0
2025-09-03,2019.0,1.0,11.0,10.0
2025-09-04,2015.0,-12.0,2.0,14.0
2025-09-05,2018.6666666666667,-7.333333333333332,4.333333333333334,11.666666666666666
2025-09-06,2022.3333333333333,-2.666666666666665,6.666666666666667,9.333333333333332
2025-09-07,2026.0,2.0,9.0,7.0
2025-09-08,2025.0,-1.0,5.0,6.0
2025-09-09,2023.0,-3.0,11.0,14.0
2025-09-10,2025.0,-4.0,14.0,18.0
2025-09-11,2047.0,23.0,29.0,6.0
2025-09-12,2059.0,18.0,23.666666666666668,5.666666666666667
2025-09-13,2071.0,13.000000000000004,18.333333333333336,5.333333333333333
2025-09-14,2083.0,8.0,13.0,5.0
2025-09-15,2086.0,0.0,10.0,10.0
2025-09-16,2095.0,5.0,17.0,12.0
2025-09-17,2096.0,-8.0,5.0,13.0
2025-09-18,2096.0,-3.0,11.0,14.0
2025-09-19,2108.6666666666665,0.6666666666666661,11.666666666666666,11.0
2025-09-20,2121.3333333333335,4.333333333333334,12.333333333333334,8.0
2025-09-21,2134.0,8.0,13.0,5.0
2025-09-22,2141.0,4.0,14.0,10.0
2025-09-23,2145.0,-5.0,10.0,15.0
2025-09-24,2138.0,-5.0,12.0,17.0
2025-09-25,2132.0,-6.0,12.0,18.0
2025-09-26,2136.6666666666665,-3.0,12.0,15.0
2025-09-27,2141.3333333333335,0.0,12.0,12.0
2025-09-28,2146.0,3.0,12.0,9.0
2025-09-29,2148.0,-1.0,12.0,13.0
2025-09-30,2159.0,5.0,12.0,7.0
2025-10-01,2163.0,-2.0,12.0,14.0
2025-10-02,2164.0,-1.0,15.0,16.0
2025-10-03,2169.3333333333335,-1.666666666666666,14.333333333333334,16.0
2025-10-04,2174.6666666666665,-2.333333333333334,13.666666666666666,16.0
2025-10-05,2180.0,-3.0,13.0,16.0
2025-10-06,2187.0,5.0,15.0,10.0
2025-10-07,2189.0,-6.0,4.0,10.0
2025-10-08,2192.0,-2.0,15.0,17.0
2025-10-09,2192.0,1.0,13.0,12.0
2025-10-10,2199.75,1.0,11.5,10.5
2025-10-11,2207.5,1.0,10.0,9.0
2025-10-12,2215.25,1.0,8.5,7.5
2025-10-13,2223.0,1.0,7.0,6.0
2025-10-14,2235.0,8.0,16.0,8.0
2025-10-15,2225.0,-5.0,10.0,15.0
2025-10-16,2233.0,6.0,15.0,9.0
2025-10-17,2234.3333333333335,7.333333333333332,15.666666666666666,8.333333333333334
2025-10-18,2235.6666666666665,8.666666666666664,16.333333333333332,7.666666666666667
2025-10-19,2237.0,10.0,17.0,7.0
2025-10-20,2243.0,-1.0,6.0,7.0
2025-10-21,2251.0,8.0,17.0,9.0
2025-10-22,2261.0,1.0,13.0,12.0
2025-10-23,2266.0,8.0,26.0,18.0
2025-10-24,2269.3333333333335,5.999999999999998,21.333333333333332,15.333333333333334
2025-10-25,2272.6666666666665,3.9999999999999964,16.666666666666664,12.666666666666668
2025-10-26,2276.0,2.0,12.0,10.0
2025-10-27,2282.0,-3.0,8.0,11.0
2025-10-28,2286.0,5.0,11.0,6.0
2025-10-29,2280.0,-13.0,4.0,17.0
2025-10-30,2287.0,2.0,14.0,12.0
2025-10-31,2283.6666666666665,2.333333333333332,12.666666666666666,10.333333333333334
2025-11-01,2280.3333333333335,2.666666666666668,11.333333333333334,8.666666666666666
2025-11-02,2277.0,3.0,10.0,7.0
2025-11-03,2269.0,-7.0,5.0,12.0
2025-11-04,2270.0,-2.0,6.0,8.0
2025-11-05,2272.0,1.0,8.0,7.0
2025-11-06,2264.0,-10.0,9.0,19.0
2025-11-07,2274.0,-6.333333333333333,7.666666666666667,14.0
2025-11-08,2284.0,-2.666666666666666,6.333333333333334,9.0
2025-11-09,2294.0,1.0,5.0,4.0
2025-11-10,2294.0,-0.5,8.5,9.0
2025-11-11,2294.0,-2.0,12.0,14.0
2025-11-12,2302.0,13.0,20.0,7.0
2025-11-13,2317.0,11.0,16.0,5.0
2025-11-14,2324.6666666666665,6.666666666666668,11.666666666666668,5.0
2025-11-15,2332.3333333333335,2.333333333333334,7.333333333333334,5.0
2025-11-16,2340.0,-2.0,3.0,5.0
2025-11-17,2343.0,-2.0,6.0,8.0
2025-11-18,2345.0,-4.0,8.0,12.0
2025-11-19,2340.0,-7.0,3.0,10.0
2025-11-20,2340.0,-1.0,8.0,9.0
2025-11-21,2351.6666666666665,6.333333333333334,12.666666666666668,6.333333333333334
2025-11-22,2363.3333333333335,13.666666666666668,17.333333333333336,3.666666666666667
2025-11-23,2375.0,21.0,22.0,1.0
2025-11-24,2371.0,-4.0,9.0,13.0
2025-11-25,2375.0,3.0,14.0,11.0
2025-11-26,2382.0,2.0,11.0,9.0
2025-11-27,2389.0,1.0,8.0,7.0
2025-11-28,2397.6666666666665,4.0,8.666666666666666,4.666666666666666
2025-11-29,2406.3333333333335,7.000000000000001,9.333333333333334,2.333333333333333
2025-11-30,2415.0,10.0,10.0,0.0
2025-12-01,2410.0,-5.0,4.0,9.0
2025-12-02,2407.0,-2.0,6.0,8.0
2025-12-03,2419.0,1.0,8.0,7.0
2025-12-04,2418.0,-6.0,7.0,13.0
2025-12-05,2421.6666666666665,-3.666666666666666,9.0,12.666666666666666
2025-12-06,2425.3333333333335,-1.333333333333334,11.0,12.333333333333334
2025-12-07,2429.0,1.0,13.0,12.0
2025-12-08,2440.0,5.0,9.0,4.0
2025-12-09,2443.0,-1.0,7.0,8.0
2025-12-10,2439.0,-4.0,5.0,9.0
2025-12-11,2437.0,-1.0,9.0,10.0
2025-12-12,2445.3333333333335,-2.000000000000001,7.333333333333333,9.333333333333334
2025-12-13,2453.6666666666665,-3.0,5.666666666666666,8.666666666666666
2025-12-14,2462.0,-4.0,4.0,8.0
2025-12-15,2470.0,2.0,9.0,7.0
2025-12-16,2468.0,6.0,15.0,9.0
2025-12-17,2481.0,1.0,11.0,10.0
2025-12-18,2472.0,-10.0,6.0,16.0
2025-12-19,2476.0,-7.666666666666667,7.666666666666667,15.333333333333334
2025-12-20,2480.0,-5.333333333333332,9.333333333333334,14.666666666666666
2025-12-21,2484.0,-3.0,11.0,14.0
